{
  "seeds": [
    11,
    21,
    42,
    84,
    101
  ],
  "summary": {
    "accuracy": {
      "mean": 0.7875,
      "std": 0.0372677996249965
    },
    "weighted_f1": {
      "mean": 0.7858289911696328,
      "std": 0.03712679113598837
    },
    "equity_gap": {
      "mean": 0.07835222005133544,
      "std": 0.03774414038489021
    },
    "equity_score": {
      "mean": 0.9216477799486645,
      "std": 0.03774414038489021
    }
  }
}